city,region,org_name,address,schedule_text,rrule,start_time,duration_min,phone,url,requirements,distribution_type,notes
Basehor,Kansas City KS Metro,Basehor UMC Pantry,"18660 158th St, Basehor, KS 66007",Thursday 5-6pm,RRULE:FREQ=WEEKLY;BYDAY=TH,17:00,60,913-406-9856,https://kansasfoodsource.org/category/help-agency/,Basehor/Linwood School District residents,walk-in,
Bonner Springs,Kansas City KS Metro,Christ First Ministries,"229 N Neconi Ave, Bonner Springs, KS 66012",Saturday 10am-1pm,RRULE:FREQ=WEEKLY;BYDAY=SA,10:00,180,913-400-1188,https://kansasfoodsource.org/category/help-agency/page/2/,Call to confirm hours,walk-in,
Gardner,Kansas City KS Metro,Divine Mercy Parish Mobile,"555 W Main St, Gardner, KS 66030",1st Thursday 1-2pm,RRULE:FREQ=MONTHLY;BYDAY=TH,13:00,60,469-237-0782,https://kansasfoodsource.org/category/help-agency/page/3/,Call to confirm,drive-thru,
Kansas City,Kansas City KS Metro,Agape Multicultural SDA,"1117 N 28th St, Kansas City, KS 66102",Saturday 3-5pm,RRULE:FREQ=WEEKLY;BYDAY=SA,15:00,120,913-306-4455,https://kansasfoodsource.org/category/help-agency/,Call to confirm hours,walk-in,
Kansas City,Kansas City KS Metro,American Indian Mobile Distribution,"853 Washington Blvd, Kansas City, KS 66102",3rd Saturday 1-2:30pm,RRULE:FREQ=MONTHLY;BYDAY=SA,13:00,90,913-912-7910,https://kansasfoodsource.org/category/help-agency/,Call to confirm; mobile distribution,mobile pantry,
Kansas City,Kansas City KS Metro,Cross Lines Community Outreach Pantry,"Kansas City, KS 66105",Tue-Thu 9am-noon & 1-3pm; Fri 9am-noon,"RRULE:FREQ=WEEKLY;BYDAY=TU,WE,TH,FR",9:00,360,913-281-3388,https://www.foodpantries.org/ci/ks-kansas_city,Walk-in; seniors-only Monday excluded,walk-in,
Kansas City,Kansas City KS Metro,Dynamic Life Baptist Ministries Pantry,"Kansas City, KS 66102",1st & 3rd Sat noon-2pm,RRULE:FREQ=MONTHLY;BYDAY=SA,12:00,120,913-233-1866,https://www.foodpantries.org/ci/ks-kansas_city,No income restrictions; confirm address,walk-in,
Kansas City,Kansas City KS Metro,Forest Grove Baptist Pantry,"Kansas City, KS 66101",Mon-Fri 11am-1pm,"RRULE:FREQ=WEEKLY;BYDAY=MO,TU,WE,TH,FR",11:00,120,913-342-7648,https://www.foodpantries.org/ci/ks-kansas_city,Confirm street address,walk-in,
Kansas City,Kansas City KS Metro,Giving Hope Food Pantry,"Kansas City, KS 66102",Sat 9-11am; 1st/3rd Tue 6-7pm,RRULE:FREQ=WEEKLY;BYDAY=SA,9:00,120,913-915-6183,https://www.foodpantries.org/ci/ks-kansas_city,Wyandotte County and surrounding communities; confirm address,drive-thru,
Kansas City,Kansas City KS Metro,St Paul's Neighborhood Pantry,"Kansas City, KS 66102",Wed noon-2:30pm; Sat 10am-12:30pm,"RRULE:FREQ=WEEKLY;BYDAY=WE,SA",10:00,150,913-321-3535,https://www.foodpantries.org/ci/ks-kansas_city,Confirm street address,walk-in,
Kansas City,Kansas City KS Metro,The Hub,"3730 Metropolitan Ave, Kansas City, KS 66106",Tue 9am-noon; 2nd Sat 10am-noon,RRULE:FREQ=WEEKLY;BYDAY=TU,9:00,180,913-831-4531,https://www.harvesters.org/location/the-hub,Call to confirm hours,walk-in,
Leavenworth,Kansas City KS Metro,Bob Dougherty Park Mobile Pantry,"700 N Esplanade St, Leavenworth, KS 66048",Monthly Fri; listed 9:30-10:30am or until distributed,RRULE:FREQ=MONTHLY;BYDAY=FR,9:30,60,913-651-8800,https://kansasfoodsource.org/category/help-agency/,Call to confirm date; until food distributed,drive-thru,
Leavenworth,Kansas City KS Metro,Calvary Baptist Church Mobile,"4451 10th Ave, Leavenworth, KS 66048",Monthly Thu; listed 10-11am,RRULE:FREQ=MONTHLY;BYDAY=TH,10:00,60,913-682-3790,https://kansasfoodsource.org/category/help-agency/,Call to confirm date,drive-thru,
Leawood,Kansas City KS Metro,Leawood Presbyterian Church Pantry,"2715 W 83rd St, Leawood, KS 66206",Saturday 9-11am,RRULE:FREQ=WEEKLY;BYDAY=SA,9:00,120,913-649-1144,https://search.unitedwaygkc.org/search/f81593a8-6cf2-5f3b-96c5-19a5ab214c3e,No restrictions; no documents; all welcome,walk-in,
Lenexa,Kansas City KS Metro,Nexus Church Pantry,"Lenexa, KS 66219",1st & 3rd Sat 10am-1pm,RRULE:FREQ=MONTHLY;BYDAY=SA,10:00,180,913-605-2688,https://nexuskc.com/nexusfood,Anyone in need; confirm address,walk-in,
Lenexa,Kansas City KS Metro,SMUUCh FUUD Pantry,"Lenexa, KS",Every Tue 2-5:45pm; walk-ins accepted,RRULE:FREQ=WEEKLY;BYDAY=TU,14:00,225,913-491-3593,https://www.fuudpantry.org/,All welcome; no-appointment visitors receive bag,walk-in,Confirm exact church address before publishing.
Mission,Kansas City KS Metro,City of Mission Mobile,"6200 Martway St, Mission, KS 66202",5th Saturday 7-8am,RRULE:FREQ=MONTHLY;BYDAY=SA,7:00,60,816-807-4207,https://kansasfoodsource.org/category/help-agency/page/2/,Call to confirm; only months with 5th Saturday,drive-thru,
Olathe,Kansas City KS Metro,Open Arms Mobile Pantry,"12480 S Black Bob Rd, Olathe, KS 66062",1st Saturday 7am until food distributed,RRULE:FREQ=MONTHLY;BYDAY=SA,7:00,120,913-829-0712,https://www.openarmskc.org/food,Drive-thru; first-come,drive-thru,
Olathe,Kansas City KS Metro,Open Arms Walk-In Pantry,"12480 S Black Bob Rd, Olathe, KS 66062","2nd & 4th Tue noon-2pm; Fri check-in 6pm, food 6:30pm",RRULE:FREQ=MONTHLY;BYDAY=TU,12:00,120,913-829-0712,https://www.openarmskc.org/food,Numbers from 9am; walk-ins served until supplies last,walk-in,
Olathe,Kansas City KS Metro,Salvation Army Olathe,"420 E Santa Fe St, Olathe, KS 66061",Mon-Thu 8:30am-4:30pm; Fri 8:30am-3pm,"RRULE:FREQ=WEEKLY;BYDAY=MO,TU,WE,TH,FR",8:30,480,913-782-3640,https://www.harvesters.org/location/salvation-army-olathe,Call to confirm hours; pantry walk-in,walk-in,
Olathe,Kansas City KS Metro,Second Baptist Church Mobile,"331 N Kansas Ave, Olathe, KS 66061",4th Saturday 10am-noon,RRULE:FREQ=MONTHLY;BYDAY=SA,10:00,120,913-219-9553,https://www.harvesters.org/wp-content/uploads/agencies/agencies-list-ks.pdf,Call to confirm; first-come,drive-thru,
Overland Park,Kansas City KS Metro,Antioch Church Pantry,"5201 Antioch Rd, Overland Park, KS 66202",Tuesday until food runs out,RRULE:FREQ=WEEKLY;BYDAY=TU,13:00,120,913-432-4300,https://www.harvesters.org/location/antioch-church-the-pantry,Call to confirm opening time,walk-in,
Overland Park,Kansas City KS Metro,Blue Valley Food Pantry,"7700 W 143rd St, Overland Park, KS 66223",Tue-Thu 9:30-11am and 1:30-2:30pm,"RRULE:FREQ=WEEKLY;BYDAY=TU,WE,TH",9:30,420,913-624-2939,https://www.harvesters.org/location/blue-valley-food-pantry,Call to confirm hours,walk-in,
Overland Park,Kansas City KS Metro,Church of Resurrection Pantry,"8412 W 95th St, Overland Park, KS 66212",Wed 9am-noon and 3-7pm,RRULE:FREQ=WEEKLY;BYDAY=WE,9:00,600,913-544-0756,https://www.harvesters.org/location/church-of-the-resurrection-op,Call to confirm hours,walk-in,
Overland Park,Kansas City KS Metro,ReNewed Hope Pantry,"8714 Antioch Rd, Overland Park, KS 66212",Tue 10-11am; Thu 5:45-6:30pm,"RRULE:FREQ=WEEKLY;BYDAY=TU,TH",10:00,510,913-263-2802,https://www.harvesters.org/location/renewed-hope-food-pantry,Call to confirm hours,walk-in,
Paola,Kansas City KS Metro,Cross Point Assembly Mobile,"1016 N Pearl St, Paola, KS 66071",1st Saturday 8-9am,RRULE:FREQ=MONTHLY;BYDAY=SA,8:00,60,913-294-2429,https://www.foodpantries.org/ci/ks-lacygne,Call to confirm; until distributed,mobile pantry,
Paola,Kansas City KS Metro,PACA Food Pantry,"110 E Peoria St, Paola, KS 66071",Wednesday 10am-noon,RRULE:FREQ=WEEKLY;BYDAY=WE,10:00,120,913-294-2319,https://kansasfoodsource.org/help-agency/miami-county/paca-food-pantry/,Paola resident; once monthly,walk-in,
Shawnee,Kansas City KS Metro,Shawnee Community Services Fresh Bakery & Produce,"11110 W 67th St, Shawnee, KS 66203",Mon-Sat 10am-3pm; walk-in items,"RRULE:FREQ=WEEKLY;BYDAY=MO,TU,WE,TH,FR,SA",10:00,300,913-268-7746,https://www.scsks.org/food-pantry,"No appointment, application or ID for free bakery/produce; pantry boxes appointment-only excluded",walk-in,Row covers walk-in perishables only; pantry boxes excluded.
Spring Hill,Kansas City KS Metro,Spring Hill Mobile Pantry,"210 N Webster, Spring Hill, KS 66083",1st & 3rd Thu 9-10:30am and 6-7:30pm,RRULE:FREQ=MONTHLY;BYDAY=TH,9:00,510,913-485-8057,https://www.harvesters.org/location/spring-hill-mobile-food-pantry,Call to confirm hours,drive-thru,
Tonganoxie,Kansas City KS Metro,Tonganoxie Mobile,"205 E Highway 24-40, Tonganoxie, KS 66086",Monthly Thu; listed 9-10am,RRULE:FREQ=MONTHLY;BYDAY=TH,9:00,60,913-980-3083,https://www.harvesters.org/wp-content/uploads/agencies/agencies-list-ks.pdf,Call to confirm date,drive-thru,
Abilene,North Central Kansas,Abilene Area Food & Clothing Center,"409 NW 3rd St Ste D, Abilene, KS 67410",Mon/Wed/Fri 9am-noon,"RRULE:FREQ=WEEKLY;BYDAY=MO,WE,FR",9:00,180,785-263-1221,https://kansasfoodsource.org/category/help-agency/,Call to confirm; walk-in,walk-in,
Clay Center,North Central Kansas,Clay Center UMC Mobile,"205 S 12th St, Clay Center, KS 67432",Monthly Mon; listed noon-1pm,RRULE:FREQ=MONTHLY;BYDAY=MO,12:00,60,785-632-3106,https://www.harvesters.org/wp-content/uploads/agencies/agencies-list-ks.pdf,Call to confirm date,drive-thru,
Concordia,North Central Kansas,Manna House Helping Hands,"323 E 5th St, Concordia, KS 66901",Mon-Fri 8am-4pm,"RRULE:FREQ=WEEKLY;BYDAY=MO,TU,WE,TH,FR",8:00,480,785-243-4428,https://kansasfoodsource.org/help-agency/cloud-county/manna-house-of-prayer-helping-hands/,ID preferred; once monthly,walk-in,
Ellsworth,North Central Kansas,Ellsworth Food Bank,"907 Evans St, Ellsworth, KS 67439",Tuesday & Friday 8am-noon,"RRULE:FREQ=WEEKLY;BYDAY=TU,FR",8:00,240,785-472-4488,https://kansasfoodsource.org/category/help-agency/page/3/,"No ID required; once monthly, max 7/year",walk-in,
Great Bend,North Central Kansas,Community Food Bank of Barton County,"3007 10th St, Great Bend, KS 67530",Mon/Wed/Fri 1-3pm,"RRULE:FREQ=WEEKLY;BYDAY=MO,WE,FR",13:00,120,620-792-7797,https://www.serve.love/resources/food-pantries/great-bend-ks/,Call to confirm hours,walk-in,
Great Bend,North Central Kansas,Hungry Heart Soup Kitchen,"1515 Williams St, Great Bend, KS 67530",Mon-Fri 11:45am-12:45pm,"RRULE:FREQ=WEEKLY;BYDAY=MO,TU,WE,TH,FR",11:45,60,620-792-7797,https://www.serve.love/resources/food-pantries/great-bend-ks/,Free hot meal; call to confirm,hot meal,
Herington,North Central Kansas,Family Resource Exchange,"5 S Broadway St, Herington, KS 67449",Wednesday & Friday 1-4pm,"RRULE:FREQ=WEEKLY;BYDAY=WE,FR",13:00,180,785-258-3303,https://kansasfoodsource.org/category/help-agency/page/3/,Call to confirm hours,walk-in,
Marysville,North Central Kansas,Families First Food For All Mobile,"400 Hendrix Ave, Marysville, KS 66508",One Monday monthly 2:30-4pm,RRULE:FREQ=MONTHLY;BYDAY=MO,14:30,90,785-268-1190,https://kansasfoodsource.org/category/help-agency/page/3/,Call to confirm date,drive-thru,
Phillipsburg,North Central Kansas,Phillips County Ministerial Alliance,"638 3rd St, Phillipsburg, KS 67661",Tuesday 10am-1pm,RRULE:FREQ=WEEKLY;BYDAY=TU,10:00,180,928-300-2314,https://kansasfoodsource.org/help-agency/phillips-county/phillips-county-ministerial-alliance/,Photo ID; Phillips County resident; every 2 weeks,walk-in,
Salina,North Central Kansas,Catholic Charities Northern Kansas - Salina,"1500 S 9th St, Salina, KS 67401",Mon/Wed 8am-5pm; Tue/Thu 8am-6pm; Fri 8am-2:30pm,"RRULE:FREQ=WEEKLY;BYDAY=MO,TU,WE,TH,FR",8:00,600,785-825-0208,https://kansasfoodsource.org/category/help-agency/page/2/,ID required; once monthly,walk-in,
Smith Center,North Central Kansas,Food Pantry of Smith County,"117 W Kansas St, Smith Center, KS 66967",3rd Wednesday 5:30-6:30pm,RRULE:FREQ=MONTHLY;BYDAY=WE,17:30,60,785-686-4212,https://kansasfoodsource.org/help-agency/smith-county/food-pantry-of-smith-county/,Call to confirm hours,walk-in,
Washington,North Central Kansas,Washington County Ministerial Mobile,"401 D St, Washington, KS 66968",Monthly Thu; listed 10-11am,RRULE:FREQ=MONTHLY;BYDAY=TH,10:00,60,785-325-2944,https://www.harvesters.org/wp-content/uploads/agencies/agencies-list-ks.pdf,Call to confirm date,drive-thru,
Alma,Northeast Kansas,Community Care Ministries Mobile,"246 E 9th St, Alma, KS 66401",Sun-Tue 10am-4:30pm; 4th Fri drive-thru 10-11am,"RRULE:FREQ=WEEKLY;BYDAY=SU,MO,TU",10:00,390,785-844-2384,https://kansasfoodsource.org/category/help-agency/page/2/,Call to confirm; TEFAP site,drive-thru,
Americus,Northeast Kansas,Americus Community Pantry,"413 Walnut St, Americus, KS 66835",1st Tue 6:30-8pm; 3rd Sat 9:30-11am,"RRULE:FREQ=MONTHLY;BYDAY=TU,SA",9:30,90,620-443-5371,https://kansasfoodsource.org/category/help-agency/,No ID required,walk-in,
Atchison,Northeast Kansas,Atchison County Food Pantry,"301 N 7th St, Atchison, KS 66002",Every other Fri 1-3pm,RRULE:FREQ=WEEKLY;BYDAY=FR,13:00,120,913-367-3036,https://kansasfoodsource.org/category/help-agency/,Call to confirm; alley entrance on N 8th,walk-in,
Emporia,Northeast Kansas,Abundant Grace Free Meal Distribution,"2 Neosho St, Emporia, KS 66801",Mon/Wed/Fri 4pm,"RRULE:FREQ=WEEKLY;BYDAY=MO,WE,FR",16:00,60,620-342-7439,https://www.emporiagazette.com/free/article_d6746d61-6be4-44e0-8181-a4015e48a381.html,Free drive-through meal; call to confirm current operation,drive-thru,Reported continuation of Abundant Harvest schedule; verify current status.
Emporia,Northeast Kansas,Abundant Harvest Boxed Food,"1028 Whittier St, Emporia, KS 66801",Boxed food Mon/Wed/Fri 8:30am; Tue/Thu 5:30pm; curbside meal Mon/Wed 4-4:30pm,"RRULE:FREQ=WEEKLY;BYDAY=MO,TU,WE,TH,FR",8:30,60,620-342-7439,https://kansasfoodsource.org/category/help-agency/page/3/,Call to confirm current operation,walk-in,Source page lists schedule; later news reports Abundant Grace continuation.
Emporia,Northeast Kansas,Emporia First Christian Church Pantry,"202 E 12th Ave, Emporia, KS 66801",Monday 9-11am,RRULE:FREQ=WEEKLY;BYDAY=MO,9:00,120,,https://kansasfoodsource.org/category/help-agency/page/3/,Once weekly; call to confirm,walk-in,
Emporia,Northeast Kansas,Emporia First UMC Pantry,"823 Merchant St, Emporia, KS 66801",Thu & Fri 9am-noon,"RRULE:FREQ=WEEKLY;BYDAY=TH,FR",9:00,180,620-342-6186,https://kansasfoodsource.org/category/help-agency/page/3/,Twice monthly; call to confirm,walk-in,
Hiawatha,Northeast Kansas,Eternal Hope Family Center,"424 Oregon St, Hiawatha, KS 66434","4th Wednesday, odd months, 9-11am",RRULE:FREQ=MONTHLY;BYDAY=WE,9:00,120,785-741-1049,https://kansasfoodsource.org/category/help-agency/page/3/,Call to confirm seasonal schedule,walk-in,
Holton,Northeast Kansas,Veterans' Club Jackson County Mobile,"First & Pennsylvania, Countryside Park, Holton, KS 66436",Monthly Tue; listed 9-11am,RRULE:FREQ=MONTHLY;BYDAY=TU,9:00,120,785-851-4106,https://www.harvesters.org/wp-content/uploads/agencies/agencies-list-ks.pdf,Call to confirm date,drive-thru,
Junction City,Northeast Kansas,Breaking Bread of JC,"12th Street Community Center, Junction City, KS 66441",Friday 5-7pm,RRULE:FREQ=WEEKLY;BYDAY=FR,17:00,120,785-587-9529,https://www.foodpantries.org/ci/ks-junction_city,Free meal; call to confirm address,hot meal,
Junction City,Northeast Kansas,Geary County Food Pantry,"700 A W 7th St, Junction City, KS 66441",Mon 9am-12:30pm; Tue 5:30-7pm; Thu 9am-12:30pm; Fresh Food Fri 10:30-11:30,"RRULE:FREQ=WEEKLY;BYDAY=MO,TU,TH,FR",9:00,240,785-762-8830,https://kansasfoodsource.org/category/tefap/,ID and Geary County residency; once monthly,walk-in,
Lawrence,Northeast Kansas,Ballard Center Harvesters Mobile,"1930 Harper St, Lawrence, KS 66044",2nd & 4th Tue 9:30-11am or until food runs out,RRULE:FREQ=MONTHLY;BYDAY=TU,9:30,90,785-979-4507,https://kansasfoodsource.org/category/help-agency/,No ID required; first-come mobile pickup,drive-thru,
Lawrence,Northeast Kansas,Catholic Charities Mobile,"1330 Kasold Dr, Lawrence, KS 66044",4th Saturday 1-2pm,RRULE:FREQ=MONTHLY;BYDAY=SA,13:00,60,785-393-3688,https://kansasfoodsource.org/category/help-agency/,Call to confirm,drive-thru,
Lawrence,Northeast Kansas,Just Food,"1000 E 11th St, Lawrence, KS 66046",Tue/Thu 9am-6pm; Wed/Fri 9am-3pm,"RRULE:FREQ=WEEKLY;BYDAY=TU,WE,TH,FR",9:00,540,785-856-7030,https://www.justfoodks.org/getfood,Douglas County residency and household-size form; complete in person,walk-in,
Lawrence,Northeast Kansas,LINK Nutrition Kitchen,"221 W 10th St, Lawrence, KS 66044",Free meal Tue/Thu/Sat/Sun at 1pm,"RRULE:FREQ=WEEKLY;BYDAY=TU,TH,SA,SU",13:00,60,785-331-3663,https://www.linklawrence.org/,Everyone welcome; no questions asked,hot meal,
Lawrence,Northeast Kansas,Salvation Army Free Meal,"1202 E 23rd St, Lawrence, KS 66046",Mon/Wed/Fri 12:30pm,"RRULE:FREQ=WEEKLY;BYDAY=MO,WE,FR",12:30,60,785-843-4188,https://lawrencekstimes.com/resources/free-meals/,Free hot meal; walk-in,hot meal,
Manhattan,Northeast Kansas,Blue Valley Memorial UMC Mobile,"835 Church Ave, Manhattan, KS 66502",2nd Friday 4:30-5:30pm,RRULE:FREQ=MONTHLY;BYDAY=FR,16:30,60,785-320-6084,https://kansasfoodsource.org/category/help-agency/,Call to confirm,drive-thru,
Manhattan,Northeast Kansas,Flint Hills Breadbasket,"2326 Skyvue Ln, Manhattan, KS 66502",Mon/Fri 10am-3pm; Tue/Thu 10am-6pm,"RRULE:FREQ=WEEKLY;BYDAY=MO,TU,TH,FR",10:00,480,785-537-0730,https://www.flinthillsbreadbasket.org/the-market--fhbb.html,Food insecurity; proof of residency in Manhattan/Riley/St George/Fort Riley,walk-in,Check in 15 minutes before close.
Manhattan,Northeast Kansas,Grace Baptist Church Pantry,"2901 Dickens Ave, Manhattan, KS 66503",Tuesday 9-11:30am; sign in by 11:15,RRULE:FREQ=WEEKLY;BYDAY=TU,9:00,150,785-776-0424,https://gracemhk.org/food-pantry,Call to confirm hours,walk-in,
Manhattan,Northeast Kansas,PeaceFull Pantry,"Manhattan, KS",Sun/Tue 2-4pm; Mon/Thu 5-7pm,"RRULE:FREQ=WEEKLY;BYDAY=MO,TU,TH,SU",14:00,240,785-539-7371,https://unitedwayrc.galaxydigital.com/agency/detail/?agency_id=175641,Call to confirm street address,walk-in,
Mound City,Northeast Kansas,Concern Inc. Pantry,"516 W Main St, Mound City, KS 66056",Mon-Sat 9am-noon,"RRULE:FREQ=WEEKLY;BYDAY=MO,TU,WE,TH,FR,SA",9:00,180,913-795-2092,https://kansasfoodsource.org/category/help-agency/page/2/,Linn County resident; once monthly,walk-in,
Osage City,Northeast Kansas,ECKAN Osage County Mobile,"307 S 1st St, Osage City, KS 66523",Monthly Thu; listed 10-11am,RRULE:FREQ=MONTHLY;BYDAY=TH,10:00,60,785-528-5184,https://www.harvesters.org/wp-content/uploads/agencies/agencies-list-ks.pdf,Call to confirm date,drive-thru,
Ottawa,Northeast Kansas,Connect Mobile Pantry,"1120 S Ash St, Ottawa, KS 66067",1st & 3rd Tue 3:30-4:30pm,RRULE:FREQ=MONTHLY;BYDAY=TU,15:30,60,785-229-8020,https://www.harvesters.org/location/connect-mobile-food-pantry,Call to confirm hours,mobile pantry,
Ottawa,Northeast Kansas,ECKAN Franklin County Mobile,"517 E 3rd St, Ottawa, KS 66067",Monthly Fri; listed 11:30am-1:30pm,RRULE:FREQ=MONTHLY;BYDAY=FR,11:30,120,785-893-0809,https://www.harvesters.org/wp-content/uploads/agencies/agencies-list-ks.pdf,Call to confirm date,drive-thru,
Rossville,Northeast Kansas,Community Action Mobile,"806 Nishnabe Trail, Rossville, KS 66533",4th Wednesday 1-2pm,RRULE:FREQ=MONTHLY;BYDAY=WE,13:00,60,785-836-4500,https://kansasfoodsource.org/category/help-agency/page/2/,Call to confirm date,drive-thru,
Strong City,Northeast Kansas,Chase County Care & Compassion Pantry,"418 Cottonwood St, Strong City, KS 66869",3rd Saturday 10am-noon,RRULE:FREQ=MONTHLY;BYDAY=SA,10:00,120,620-273-6650,https://kansasfoodsource.org/category/help-agency/page/2/,Chase County residents; once monthly,walk-in,
Topeka,Northeast Kansas,Antioch Missionary Baptist Church Mobile,"1100 SE Washington St, Topeka, KS 66607",4th Saturday 11am-noon; none Dec-Feb,RRULE:FREQ=MONTHLY;BYDAY=SA,11:00,60,785-640-2616,https://kansasfoodsource.org/category/help-agency/,Call to confirm; seasonal schedule,drive-thru,
Topeka,Northeast Kansas,Apostolic Church Mobile,"2420 SE Bellview Ave, Topeka, KS 66605",3rd Thursday 5:30-7:30pm,RRULE:FREQ=MONTHLY;BYDAY=TH,17:30,120,785-266-7102,https://kansasfoodsource.org/category/help-agency/,Call to confirm,drive-thru,
Topeka,Northeast Kansas,Breadbasket Food Pantry,"708 SE Lime St, Topeka, KS 66607","Mon, Wed & Fri 9am-noon","RRULE:FREQ=WEEKLY;BYDAY=MO,WE,FR",9:00,180,785-354-7262,https://kansasfoodsource.org/category/help-agency/,Call to confirm hours,walk-in,
Topeka,Northeast Kansas,Capital City School Mobile,"2731 SW East Circle Dr S, Topeka, KS 66606",4th Friday 9-10am,RRULE:FREQ=MONTHLY;BYDAY=FR,9:00,60,785-295-3600,https://kansasfoodsource.org/category/help-agency/,Call to confirm; until food runs out,drive-thru,
Topeka,Northeast Kansas,Catholic Charities Topeka Pantry,"234 S Kansas Ave, Topeka, KS 66603",Mon/Tue/Thu 9am-4pm; Wed noon-4pm,"RRULE:FREQ=WEEKLY;BYDAY=MO,TU,WE,TH",9:00,420,785-233-6300,https://kansasfoodsource.org/category/help-agency/,Picture ID required; walk-in pantry,walk-in,
Topeka,Northeast Kansas,RMI Mobile Pantry,"1231 NW Eugene St, Topeka, KS 66608",4th Tuesday 9-11am; none Dec-Mar,RRULE:FREQ=MONTHLY;BYDAY=TU,9:00,120,785-234-1111,https://www.harvesters.org/location/rmi-mobile-pantry,Call to confirm; seasonal schedule,drive-thru,No mobile distribution Dec-Mar.
Topeka,Northeast Kansas,Topeka Rescue Mission Community Dinner,"600 N Kansas Ave, Topeka, KS 66608",Mon-Fri 6-6:30pm; Sat-Sun 5-5:30pm,"RRULE:FREQ=WEEKLY;BYDAY=MO,TU,WE,TH,FR,SA,SU",17:00,90,785-354-1744,https://www.trmonline.org/foodservices,No requirements stated,hot meal,Weekend dinner begins at 5pm; weekday at 6pm.
Topeka,Northeast Kansas,West Side Baptist Community Kitchen,"1008 SW 4th St, Topeka, KS 66606",Sunday noon,RRULE:FREQ=WEEKLY;BYDAY=SU,12:00,90,785-233-4241,https://wsbctopeka.org/food-assistance/,Everyone welcome; no cost or signup,hot meal,
Wamego,Northeast Kansas,Community Care Ministry Pantry,"407 Ash St, Wamego, KS 66547",Tue-Fri 9am-noon & 1-4pm,"RRULE:FREQ=WEEKLY;BYDAY=TU,WE,TH,FR",9:00,420,785-456-7872,https://kansasfoodsource.org/category/help-agency/page/2/,Call to confirm hours,walk-in,
Colby,Northwest Kansas,Genesis Thomas County Food Bank,"350 S Range Ave, Colby, KS 67701",Wednesday 10am-noon and 1-4pm,RRULE:FREQ=WEEKLY;BYDAY=WE,10:00,360,785-460-7930,https://www.homelessshelterdirectory.org/shelter/ks_genesis-thomas-county-food-bank,Thomas County residents only,walk-in,
Goodland,Northwest Kansas,Genesis Sherman County / Rock House,"320 E 6th St, Goodland, KS 67735",1st & 3rd Mon 5-6pm,RRULE:FREQ=MONTHLY;BYDAY=MO,17:00,60,785-890-2299,https://kansasfoodsource.org/help-agency/sherman-county/genesis-sherman-county/,Sherman County resident; no ID; not national holidays,walk-in,
Hays,Northwest Kansas,Catholic Charities Northern Kansas - Hays,"122 E 12th St, Hays, KS 67601",Mon-Thu 8am-5pm; Fri 8am-2:30pm,"RRULE:FREQ=WEEKLY;BYDAY=MO,TU,WE,TH,FR",8:00,510,785-625-2644,https://kansasfoodsource.org/category/help-agency/page/2/,No ID required; once monthly,walk-in,
Hays,Northwest Kansas,Community Assistance Center,"208 E 12th St, Hays, KS 67601",Mon-Fri 7:30am-1pm,"RRULE:FREQ=WEEKLY;BYDAY=MO,TU,WE,TH,FR",7:30,330,785-625-9110,https://kansasfoodsource.org/category/help-agency/page/2/,Call to confirm; general pantry (senior CSFP excluded),walk-in,
Norton,Northwest Kansas,God's Pantry of Norton,"317 N State St, Norton, KS 67654",Sunday 3-4pm,RRULE:FREQ=WEEKLY;BYDAY=SU,15:00,60,785-877-2589,https://kansasfoodsource.org/help-agency/norton-county/gods-pantry-of-norton/,Norton County resident; 3 visits per 6 months,walk-in,
Oberlin,Northwest Kansas,Decatur County Food Pantry,"102 N Cass Ave, Oberlin, KS 67749",Monday & Friday 10am-2pm,"RRULE:FREQ=WEEKLY;BYDAY=MO,FR",10:00,240,785-475-3067,https://kansasfoodsource.org/category/help-agency/page/3/,Photo ID and proof of address initially,walk-in,
Quinter,Northwest Kansas,Gove County Food Pantry,"323 Main St alley, Quinter, KS 67752",2nd Saturday 9-11am,RRULE:FREQ=MONTHLY;BYDAY=SA,9:00,120,785-789-4030,https://kansasfoodsource.org/help-agency/gove-county/gove-county-food-pantry/,Gove County resident; once monthly,walk-in,
Scott City,Northwest Kansas,Scott County Mobile Food Pantry,"309 S Main St, Scott City, KS 67871",Two Tuesdays monthly; dates vary,RRULE:FREQ=MONTHLY;BYDAY=TU,9:00,120,620-872-7012,https://kansasfoodsource.org/help-agency/scott-county/scott-county-mobile-food-pantry/,Call Scott City Bread Basket for exact dates,mobile pantry,
St Francis,Northwest Kansas,Cheyenne County Food Pantry,"405 Lorraine St, St Francis, KS 67756",2nd Tuesday 5-7pm,RRULE:FREQ=MONTHLY;BYDAY=TU,17:00,120,785-332-0068,https://kansasfoodsource.org/category/help-agency/page/2/,Call to confirm hours,walk-in,
Hillsboro,South Central Kansas,Main Street Ministries Food Bank,"415 S Main St, Hillsboro, KS 67063",Saturday 9am-noon,RRULE:FREQ=WEEKLY;BYDAY=SA,9:00,180,620-947-3393,https://mainstreetministries.net/food-bank/,Everyone welcome; pickup after check-in,drive-thru,
Hutchinson,South Central Kansas,Christian Soup Ministry Pantry,"301 E 3rd Ave, Hutchinson, KS 67501",Mon/Tue/Thu 1-6pm; Sat 2-6pm,"RRULE:FREQ=WEEKLY;BYDAY=MO,TU,TH,SA",13:00,300,620-662-6468,https://www.foodpantries.org/li/ks_hutchinson_christian-soup-ministry-inc-food-pantry,Call to confirm; walk-in,walk-in,Grocery availability varies; soup kitchen also listed.
Lindsborg,South Central Kansas,Dala Pantry,"402 N 1st St, Lindsborg, KS 67456",Tue 2:30-4:30pm; Thu 4-6pm; Sat 12-2pm; Mon 10am-noon USD400 only,"RRULE:FREQ=WEEKLY;BYDAY=MO,TU,TH,SA",12:00,330,785-227-3977,https://kansasfoodsource.org/category/help-agency/page/3/,USD 400 residency; once monthly,walk-in,
Macksville,South Central Kansas,Christian Church Food Bank of Macksville,"234 N Sheaffer St, Macksville, KS 67557",3rd Tuesday 5:30-6:30pm,RRULE:FREQ=MONTHLY;BYDAY=TU,17:30,60,620-348-3205,https://kansasfoodsource.org/category/help-agency/page/2/,No ID; Stafford County residency; once monthly,walk-in,
Pratt,South Central Kansas,Pratt County Food Bank,"111 W 4th St, Pratt, KS 67124",Mon 7-8pm; Wed 9:30-11:30am; Thu 7-8pm; Fri 10am-noon,"RRULE:FREQ=WEEKLY;BYDAY=MO,WE,TH,FR",7:00,120,620-672-5150,https://kansasfoodsource.org/help-agency/pratt-county/pratt-county-food-bank/,"Pratt County resident; ID; once monthly, up to 6/year",walk-in,
Altamont,Southeast Kansas,City of Altamont Food Pantry,"407 S Huston Ave, Altamont, KS 67330",Mon-Fri 8am-5pm,"RRULE:FREQ=WEEKLY;BYDAY=MO,TU,WE,TH,FR",8:00,540,620-784-5612,https://kansasfoodsource.org/help-agency/labette-county/city-of-altamont-food-pantry/,Altamont resident; once monthly,walk-in,
Caney,Southeast Kansas,Caney Valley Food Pantry,"412 E 6th Ave, Caney, KS 67333",Wednesday 1-3pm,RRULE:FREQ=WEEKLY;BYDAY=WE,13:00,120,620-766-2060,https://kansasfoodsource.org/category/help-agency/montgomery-county/,USD 436 residents; monthly utility appointment excluded,walk-in,
Cherryvale,Southeast Kansas,Fishes n Loaves Pantry,"319 E Main St, Cherryvale, KS 67335",Mon-Fri 8-11am,"RRULE:FREQ=WEEKLY;BYDAY=MO,TU,WE,TH,FR",8:00,180,620-336-2533,https://kansasfoodsource.org/category/help-agency/montgomery-county/,Cherryvale resident; once monthly,walk-in,
Chetopa,Southeast Kansas,Chetopa Ministerial Alliance Pantry,"Chetopa City Office, Chetopa, KS 67336",3rd Wed 2-4pm,RRULE:FREQ=MONTHLY;BYDAY=WE,14:00,120,,https://www.foodpantries.org/ci/ks-pittsburg,Walk-in; form at city office; confirm address,walk-in,
Coffeyville,Southeast Kansas,Genesis Coffeyville,"1312 W 8th St, Coffeyville, KS 67337",Mon-Fri 9-11:45am; 4th Tue 5-7pm,"RRULE:FREQ=WEEKLY;BYDAY=MO,TU,WE,TH,FR",9:00,165,620-251-3004,https://kansasfoodsource.org/help-agency/montgomery-county/genesis-coffeyville/,"Proof of residency in Coffeyville, Dearing or Liberty; once monthly",walk-in,
Erie,Southeast Kansas,Erie Federated Church Food Pantry,"202 S Main St, Erie, KS 66733",Tuesday 9am-3pm,RRULE:FREQ=WEEKLY;BYDAY=TU,9:00,360,620-244-5372,https://kansasfoodsource.org/category/help-agency/page/3/,ID; Neosho County resident; once weekly,walk-in,
Independence,Southeast Kansas,Independence Food Basket,"307 1/2 Pecan St, Independence, KS 67301",Mon-Fri 10am-3pm,"RRULE:FREQ=WEEKLY;BYDAY=MO,TU,WE,TH,FR",10:00,300,620-331-5115,https://kansasfoodsource.org/category/help-agency/montgomery-county/,Once monthly; call to confirm ID policy,walk-in,
Independence,Southeast Kansas,Pleas Temple COGIC Pantry,"600 N 19th St, Independence, KS 67301",Sun 1:30-3:30pm; Mon 6-7pm,"RRULE:FREQ=WEEKLY;BYDAY=MO,SU",13:30,330,620-331-2675,https://kansasfoodsource.org/category/help-agency/montgomery-county/,Call to confirm hours,walk-in,
Independence,Southeast Kansas,St Andrew Food Pantry,"210 N 4th St, Independence, KS 67301",4th Wed 10am-2pm (next Thu if holiday),RRULE:FREQ=MONTHLY;BYDAY=WE,10:00,240,620-331-1789,https://kansasfoodsource.org/category/help-agency/montgomery-county/,Call to confirm holiday changes,walk-in,
Iola,Southeast Kansas,Allen County Community Pantry,"16 W Broadway, Iola, KS 66749",Tue & Thu 8:30-11:30am,"RRULE:FREQ=WEEKLY;BYDAY=TU,TH",8:30,180,620-228-8694,https://kansasfoodsource.org/category/help-agency/,Call to confirm current schedule,walk-in,
Pittsburg,Southeast Kansas,Creating Legacies Food & Hygiene Pantry,"604 E Centennial Dr, Pittsburg, KS 66762",Mon-Wed 10am-1pm,"RRULE:FREQ=WEEKLY;BYDAY=MO,TU,WE",10:00,180,620-670-2256,https://www.sekcreatinglegacies.org/food-and-hygiene-pantry,Once monthly; call for occasional arrangements,walk-in,
Pittsburg,Southeast Kansas,Wesley House Pantry,"411 E 12th St, Pittsburg, KS 66762",Sun-Thu 1-3pm,"RRULE:FREQ=WEEKLY;BYDAY=SU,MO,TU,WE,TH",13:00,120,620-232-3760,https://kansasfoodsource.org/help-agency/crawford-county/wesley-house/,Crawford County; call to confirm; senior CSFP excluded,walk-in,
Pleasanton,Southeast Kansas,Faith Chapel Food Pantry,"103 E 7th St, Pleasanton, KS 66075",2nd & 4th Thursday 3-6pm,RRULE:FREQ=MONTHLY;BYDAY=TH,15:00,180,913-352-8213,https://kansasfoodsource.org/category/help-agency/page/3/,Call to confirm hours,walk-in,
Pleasanton,Southeast Kansas,Faith Chapel Free Meal,"103 E 7th St, Pleasanton, KS 66075",Wednesday 6-7pm,RRULE:FREQ=WEEKLY;BYDAY=WE,18:00,60,913-352-8213,https://kansasfoodsource.org/category/help-agency/page/3/,Hot meal for all in need,hot meal,
Sedan,Southeast Kansas,Chautauqua County Mobile Food Pantry,"610 Park East Ave, Sedan, KS 67361",2nd Wednesday 10-11am,RRULE:FREQ=MONTHLY;BYDAY=WE,10:00,60,316-265-3663,https://kansasfoodsource.org/category/help-agency/page/2/,Call to confirm date,mobile pantry,
Uniontown,Southeast Kansas,1st Missionary Baptist Pantry,"100 5th St, Uniontown, KS 66779",3rd Sat 8-10am,RRULE:FREQ=MONTHLY;BYDAY=SA,8:00,120,620-223-9532,https://kansasfoodsource.org/category/help-agency/,Once monthly; TEFAP site,walk-in,
Coldwater,Southwest Kansas,Comanche County Health Department Mobile Pantry,"207 S Washington St, Coldwater, KS 67029","One Wednesday every other month, starting 1pm",RRULE:FREQ=MONTHLY;INTERVAL=2;BYDAY=WE,13:00,60,620-582-2431,https://kansasfoodsource.org/category/help-agency/page/2/,Coldwater/Wilmore residents; call to confirm site,mobile pantry,
Dodge City,Southwest Kansas,Church of Christ Food Pantry,"2300 Central Ave, Dodge City, KS 67801",Mon-Fri 9am-noon,"RRULE:FREQ=WEEKLY;BYDAY=MO,TU,WE,TH,FR",9:00,180,620-227-2812,https://kansasfoodsource.org/category/help-agency/page/2/,ID required,walk-in,
Dodge City,Southwest Kansas,KFAN Food Pantry,"209 W Spruce St, Dodge City, KS 67801",Tue & Thu 9am-3pm,"RRULE:FREQ=WEEKLY;BYDAY=TU,TH",9:00,360,620-371-5209,https://kansasfoodsource.org/help-agency/ford-county/kfan-food-pantry/,Once monthly; call to confirm,walk-in,
Dodge City,Southwest Kansas,Manna House,"1012 First Ave, Dodge City, KS 67801",Mon-Fri 2-4pm,"RRULE:FREQ=WEEKLY;BYDAY=MO,TU,WE,TH,FR",14:00,120,620-227-6707,https://kansasfoodsource.org/help-agency/ford-county/manna-house/,No ID required; once monthly,walk-in,
Garden City,Southwest Kansas,Emmaus House Food Pantry,"802 N 5th St, Garden City, KS 67846",Wed & Fri 9:30-11am and 3-5pm,"RRULE:FREQ=WEEKLY;BYDAY=WE,FR",9:30,330,620-275-2008,https://www.freefood.org/l/ks_garden-city_emmaus-house,Call to confirm; serves people in need,walk-in,
Hugoton,Southwest Kansas,Pheasant Haven Charities Food Pantry,"1042 S Jackson Ave Suite C, Hugoton, KS 67952",Tue & Thu 8:30-11:30am,"RRULE:FREQ=WEEKLY;BYDAY=TU,TH",8:30,180,620-544-2245,https://www.steppingstonekansas.org/resources,Proof of Stevens County residence,walk-in,
Larned,Southwest Kansas,Pawnee County Food Pantry,"501 Main St, Larned, KS 67550",Tue & Thu 4-6pm,"RRULE:FREQ=WEEKLY;BYDAY=TU,TH",16:00,120,620-804-1085,https://kansasfoodsource.org/help-agency/pawnee-county/pawnee-county-food-pantry/,Photo ID and current Pawnee County/Pawnee Rock residence; every 6 months,walk-in,
Liberal,Southwest Kansas,First Southern Baptist Pantry,"621 Western Ave, Liberal, KS 67901",2nd Saturday 10-11:30am,RRULE:FREQ=MONTHLY;BYDAY=SA,10:00,90,620-624-0186,https://kansasfoodsource.org/help-agency/seward-county/first-southern-baptist-church-food-pantry/,ID required; once monthly,walk-in,
Liberal,Southwest Kansas,Templo Puerta Del Cielo,"632 N Grant Ave, Liberal, KS 67901",Walk-ins accepted; call 211 for hours,"RRULE:FREQ=WEEKLY;BYDAY=MO,TU,WE,TH,FR",9:00,240,211,https://feedam.org/resource/186507,Walk-ins accepted; call 211,walk-in,Hours not published; verify before calendar publication.
Plains,Southwest Kansas,Plains Food Pantry,"601 Grand Ave, Plains, KS 67869",Mon-Thu 8:30am-3pm; Fri 8:30am-noon,"RRULE:FREQ=WEEKLY;BYDAY=MO,TU,WE,TH,FR",8:30,390,,https://kansasfoodsource.org/help-agency/meade-county/plains-food-pantry/,No ID required; once monthly,walk-in,
Sublette,Southwest Kansas,Sublette Christian Church Food Pantry,"106 E Carson Ave, Sublette, KS 67877",Mon-Thu 8:30am-3:30pm,"RRULE:FREQ=WEEKLY;BYDAY=MO,TU,WE,TH",8:30,420,620-675-2315,https://kansasfoodsource.org/category/help-agency/haskell-county/,ID optional; Haskell County area; quarterly or monthly,walk-in,
Sublette,Southwest Kansas,Sublette Christian Church Haskell County Mobile Pantry,"106 W Carson Ave, Sublette, KS 67877",One Wednesday each month; listed 1pm (produce also monthly),RRULE:FREQ=MONTHLY;BYDAY=WE,13:00,60,620-275-2315,https://kansasfoodsource.org/help-agency/haskell-county/iglesia-bautista-hispana-haskell-county-mobile-pantry/,Call to confirm date,mobile pantry,
Ulysses,Southwest Kansas,Genesis Family Services Food Center,"321 W Grant Ave, Ulysses, KS 67880",Walk-ins accepted; call 211 for hours,"RRULE:FREQ=WEEKLY;BYDAY=MO,TU,WE,TH,FR",9:00,240,211,https://feedam.org/resource/179515,Walk-ins accepted; eligibility not listed,walk-in,Hours not published; verify before calendar publication.
Ulysses,Southwest Kansas,Loaves & Fishes,"115 N Main St, Ulysses, KS 67880",Thursday 10am-noon and 1-4pm,RRULE:FREQ=WEEKLY;BYDAY=TH,10:00,360,620-353-1156,https://www.steppingstonekansas.org/resources,ID; Grant County resident; up to 8 visits/year,walk-in,
Derby,Wichita Metro,Derby Food Pantry,"4900 S Clifton, Derby, KS 67037","1st, 3rd and last Tuesday 10-11:30am; 3rd Saturday 10-11:30am","RRULE:FREQ=MONTHLY;BYDAY=TU,SA",10:00,90,316-519-5867,https://kansasfoodsource.org/category/help-agency/page/3/,Derby school district residents; once monthly,walk-in,
El Dorado,Wichita Metro,El Dorado First Baptist Church Pantry,"315 W Central Ave, El Dorado, KS 67042",Mon-Thu 9am-2pm,"RRULE:FREQ=WEEKLY;BYDAY=MO,TU,WE,TH",9:00,300,316-321-3266,https://kansasfoodsource.org/category/help-agency/page/3/,Photo ID; once every 6 months,walk-in,
Newton,Wichita Metro,Agape Resource Center,"116 E 6th St, Newton, KS 67114",Tue & Thu 10am-2pm,"RRULE:FREQ=WEEKLY;BYDAY=TU,TH",10:00,240,316-283-1600,https://kansasfoodsource.org/category/help-agency/,Photo ID/proof of income initially; Harvey County; once every 6 weeks,walk-in,
Newton,Wichita Metro,Newton Christian Church TEFAP,"210 Southport Dr, Newton, KS 67114",Every 2 months; listed 9-10am (2026 dates published),RRULE:FREQ=MONTHLY;INTERVAL=2;BYDAY=SA,9:00,60,316-283-5998,https://newtoncc.church/food-distribution,County resident; self-attest income and household; first-come until gone,drive-thru,Verify dates; July/September 2026 omitted by source.
Wichita,Wichita Metro,Antioch Giving Center,"255 S Estelle, Wichita, KS 67211",Sunday 11-11:30am,RRULE:FREQ=WEEKLY;BYDAY=SU,11:00,30,316-425-5654,https://kansasfoodsource.org/category/help-agency/,No specific requirements stated,walk-in,
Wichita,Wichita Metro,Bread of Life,"1301 E Galena, Wichita, KS 67216",Tuesday 10am-1:45pm,RRULE:FREQ=WEEKLY;BYDAY=TU,10:00,225,316-689-6866,https://kansasfoodsource.org/category/help-agency/,Photo ID/SS card for household members; proof of address and income,walk-in,
Wichita,Wichita Metro,Dear Neighbor Ministries,"1329 S Bluffview Dr, Wichita, KS 67218",Mon-Thu 9am-1pm,"RRULE:FREQ=WEEKLY;BYDAY=MO,TU,WE,TH",9:00,240,316-684-5120,https://kansasfoodbank.org/,No specific requirements stated,walk-in,
Wichita,Wichita Metro,Evergreen Mobile,"2700 N Woodland, Wichita, KS 67219",1st Friday monthly; listed 1pm,RRULE:FREQ=MONTHLY;BYDAY=FR,13:00,60,316-265-3663,https://kansasfoodbank.org/ictmobiles/,Household count and ZIP check-in,drive-thru,
Wichita,Wichita Metro,God's Pantry,"1209 N Indiana, Wichita, KS 67214",2nd & 4th Wed 10-11:30am,RRULE:FREQ=MONTHLY;BYDAY=WE,10:00,90,316-263-6780,https://www.sedgwickcounty.org/sheriff/detention-bureau/score-program/food-resources/,Call to confirm hours,walk-in,
Wichita,Wichita Metro,HealthCore Clinic Produce Distribution,"2707 E 21st St N, Wichita, KS 67214",5th Saturday only; listed 9am,RRULE:FREQ=MONTHLY;BYDAY=SA,9:00,60,316-265-3663,https://kansasfoodbank.org/ictmobiles/,Household count and ZIP check-in,walk-in,Only months with a 5th Saturday.
Wichita,Wichita Metro,His Helping Hands,"1441 E 37th St N, Wichita, KS 67219",1st/3rd Tue 4:30-6:30pm; 2nd/4th Fri 9am-noon,"RRULE:FREQ=MONTHLY;BYDAY=TU,FR",9:00,210,316-838-8528,https://www.sedgwickcounty.org/sheriff/detention-bureau/score-program/food-resources/,Call to confirm hours,walk-in,Monthly pattern combines two day slots.
Wichita,Wichita Metro,Lord's Diner Mobile - Atwater,"2755 E 19th St N, Wichita, KS 67219",Mon-Fri 4-6pm,"RRULE:FREQ=WEEKLY;BYDAY=MO,TU,WE,TH,FR",16:00,120,316-266-4966,https://thelordsdiner.org/home,No requirements; everyone welcome,hot meal,
Wichita,Wichita Metro,Lord's Diner Mobile - Evergreen,"2700 N Woodland, Wichita, KS 67219",Mon-Fri 4-6pm,"RRULE:FREQ=WEEKLY;BYDAY=MO,TU,WE,TH,FR",16:00,120,316-266-4966,https://thelordsdiner.org/home,No requirements; everyone welcome,hot meal,
Wichita,Wichita Metro,Lord's Diner Mobile - Hilltop,"1329 S Terrace Dr, Wichita, KS 67218",Mon-Fri 4-6pm,"RRULE:FREQ=WEEKLY;BYDAY=MO,TU,WE,TH,FR",16:00,120,316-266-4966,https://thelordsdiner.org/home,No requirements; everyone welcome,hot meal,
Wichita,Wichita Metro,New Beginnings SDA Church,"209 W 21st St N, Wichita, KS 67203",Wednesday 1-3pm,RRULE:FREQ=WEEKLY;BYDAY=WE,13:00,120,316-267-6504,https://www.sedgwickcounty.org/sheriff/detention-bureau/score-program/food-resources/,"SSN, ID and address required",walk-in,
Wichita,Wichita Metro,New Covenant UMC The Cupboard,"1718 W Douglas Ave, Wichita, KS 67203",Thursday 10am-5pm,RRULE:FREQ=WEEKLY;BYDAY=TH,10:00,420,316-943-1884,https://kansasfoodsource.org/category/help-agency/,Walk-in; call if schedule changes,walk-in,
Wichita,Wichita Metro,Our Daily Bread Food Pantry,"2825 S Hillside St, Wichita, KS 67216",Tue-Thu 8:30am-noon; 4th Sat 9am-noon,"RRULE:FREQ=WEEKLY;BYDAY=TU,WE,TH",8:30,210,316-264-8344,https://kansasfoodsource.org/help-agency/sedgwick-county/cc-ict-our-daily-bread-food-pantry/,Photo ID for household members and proof of address; once monthly,walk-in,TEFAP on 1st and 3rd Tuesdays; regular pantry no income requirement.
Wichita,Wichita Metro,Progressive Missionary Baptist Church Mobile,"2727 E 25th St N, Wichita, KS 67220",Last Friday monthly; listed 1pm,RRULE:FREQ=MONTHLY;BYDAY=FR,13:00,60,316-265-3663,https://kansasfoodbank.org/ictmobiles/,Household count and ZIP check-in; anyone in need,drive-thru,
Wichita,Wichita Metro,St Jude Catholic Church,"3130 N Amidon Ave, Wichita, KS 67204",Monday 8-9am,RRULE:FREQ=WEEKLY;BYDAY=MO,8:00,60,316-838-1963,https://www.sedgwickcounty.org/sheriff/detention-bureau/score-program/food-resources/,Call to confirm hours,walk-in,
Wichita,Wichita Metro,The Lord's Diner - Broadway,"520 N Broadway St, Wichita, KS 67214",Daily dinner 5:30-7pm; free lunch Mon-Fri noon-2pm,"RRULE:FREQ=WEEKLY;BYDAY=MO,TU,WE,TH,FR,SA,SU",17:30,120,316-266-4966,https://thelordsdiner.org/home,No requirements; everyone welcome,hot meal,
Wichita,Wichita Metro,The Lord's Diner - Hillside,"2825 S Hillside St, Wichita, KS 67216",Daily dinner 5:30-7pm,"RRULE:FREQ=WEEKLY;BYDAY=MO,TU,WE,TH,FR,SA,SU",17:30,120,316-266-4966,https://thelordsdiner.org/home,No requirements; everyone welcome,hot meal,
Wichita,Wichita Metro,United Methodist Open Door Community Food Ministry,"2130 E 21st St N, Wichita, KS 67214",Mon-Fri 9-11:45am & 1-3:45pm,"RRULE:FREQ=WEEKLY;BYDAY=MO,TU,WE,TH,FR",9:00,405,316-267-4201,https://kansasfoodsource.org/help-agency/sedgwick-county/united-methodist-open-door-2/,"ID each household member, address and income at 130%; no appointment",walk-in,TEFAP site; Spanish service noted.
Wichita,Wichita Metro,Urban League Produce Distribution,"2418 E 9th St N, Wichita, KS 67214",3rd Thursday monthly; listed 2pm,RRULE:FREQ=MONTHLY;BYDAY=TH,14:00,60,316-265-3663,https://kansasfoodbank.org/ictmobiles/,Household count and ZIP check-in,drive-thru,
Wichita,Wichita Metro,Westside Good Neighbor Center,"3500 W 13th St N, Wichita, KS 67203",Wed & Fri 8:30-11:30am,"RRULE:FREQ=WEEKLY;BYDAY=WE,FR",8:30,180,316-942-7349,https://www.sedgwickcounty.org/sheriff/detention-bureau/score-program/food-resources/,Call to confirm hours,walk-in,
